matchId,matchDate,matchType,accessId,nickname,seasonId,matchResult,matchEndType,systemPause,foul,injury,redCards,yellowCards,dribble,cornerKick,possession,offsideCount,averageRating,controller,shootTotal,effectiveShootTotal,shootOutScore,goalTotal,goalTotalDisplay,ownGoal,shootHeading,goalHeading,shootFreekick,goalFreekick,shootInPenalty,goalInPenalty,shootOutPenalty,goalOutPenalty,shootPenaltyKick,goalPenaltyKick,passTry,passSuccess,shortPassTry,shortPassSuccess,longPassTry,longPassSuccess,bouncingLobPassTry,bouncingLobPassSuccess,drivenGroundPassTry,drivenGroundPassSuccess,throughPassTry,throughPassSuccess,lobbedThroughPassTry,lobbedThroughPassSuccess,blockTry,blockSuccess,tackleTry,tackleSuccess
652c0a7bd38ab0e7cb869b9b,2023-10-16T01:02:46,52,d64474be155449290a92b68a,서우우유,202310,승,0,0,0,0,0,0,91,5,54,0,4.26667,keyboard,8,7,0,2,2,0,1,0,0,0,5,2,3,0,0,0,116,104,80,78,9,2,2,1,6,6,18,16,1,1,2,1,5,4
652c0a7bd38ab0e7cb869b9b,2023-10-16T01:02:46,52,1d8450ef71aa816cfd494356,산공유,202310,패,0,0,0,0,0,0,79,0,46,1,3.92778,keyboard,4,4,0,1,1,0,1,0,0,0,3,1,1,0,0,0,98,89,61,60,7,2,0,0,3,3,24,22,3,2,5,1,4,2
652c07a50d51d1b94019af84,2023-10-16T00:50:47,52,1d8450ef71aa816cfd494356,산공유,202310,패,0,0,0,1,0,0,85,4,46,1,3.67778,keyboard,6,5,0,1,1,0,1,0,0,0,2,0,4,1,0,0,106,93,64,63,11,3,0,0,5,4,23,22,2,1,6,1,5,3
652c07a50d51d1b94019af84,2023-10-16T00:50:47,52,49e2899592257d77c6871571,허니룽룽룽,202310,승,0,0,1,0,0,0,82,2,54,1,4.56667,keyboard,8,7,0,4,4,0,2,2,0,0,6,3,2,1,0,0,103,91,44,41,9,3,0,0,6,6,39,37,5,4,8,1,9,6
652c05130e160e5d6cc9add1,2023-10-16T00:38:39,52,1d8450ef71aa816cfd494356,산공유,202310,패,0,0,0,0,0,0,93,2,49,3,3.85556,keyboard,4,3,0,0,0,0,1,0,0,0,1,0,3,0,0,0,118,108,69,68,7,3,1,1,7,7,24,24,10,5,5,0,7,4
652c05130e160e5d6cc9add1,2023-10-16T00:38:39,52,9009c63636c7b78babe63ac9,대화역비둘기친구,202310,승,0,0,0,0,0,0,81,1,51,1,4.20556,keyboard,3,2,0,1,1,0,0,0,0,0,2,1,1,0,0,0,100,90,56,54,5,3,0,0,2,2,29,27,8,4,11,0,6,1
652c022c8247216e48bd9994,2023-10-16T00:27:42,52,1d8450ef71aa816cfd494356,산공유,202310,무,0,0,1,0,0,0,108,0,56,3,4.11667,keyboard,5,3,0,3,3,0,0,0,0,0,4,3,1,0,0,0,141,136,94,94,6,3,1,0,13,13,20,19,7,7,2,0,3,1
652c022c8247216e48bd9994,2023-10-16T00:27:42,52,b5f8b186dadb63d1330e06f0,수당이,202310,무,0,0,0,0,0,0,60,1,44,0,3.96111,keyboard,3,3,0,3,3,0,0,0,0,0,3,3,0,0,0,0,75,63,40,39,12,4,0,0,2,2,22,18,0,0,5,0,6,5
652aea29f59a8cc3483746ad,2023-10-15T04:31:58,52,0f1116a07f4515521b67ad15,중거리장착,202310,무,0,0,1,0,0,0,59,4,43,0,4.06667,keyboard,3,2,0,1,1,0,1,1,0,0,2,1,1,0,0,0,89,73,53,49,9,3,1,1,7,7,12,10,6,3,11,1,4,1
652aea29f59a8cc3483746ad,2023-10-15T04:31:58,52,1d8450ef71aa816cfd494356,산공유,202310,무,0,0,0,0,0,0,81,10,57,1,4.06111,keyboard,13,9,0,1,1,0,2,0,0,0,7,1,6,0,0,0,108,92,60,59,16,4,1,1,10,10,17,16,4,2,3,1,6,2
652ae7671f6219867d991ba1,2023-10-15T04:20:03,52,aef9abc786d039916f418512,월식미정우리토리,202310,승,0,0,0,0,0,0,62,2,50,1,4.3,keyboard,8,7,0,3,3,0,2,0,0,0,7,3,1,0,0,0,81,67,29,29,8,1,0,0,7,6,26,24,11,7,4,1,4,3
652ae7671f6219867d991ba1,2023-10-15T04:20:03,52,1d8450ef71aa816cfd494356,산공유,202310,패,0,0,0,0,0,0,76,3,50,0,3.86111,keyboard,6,5,0,1,1,0,1,0,0,0,3,1,3,0,0,0,100,88,64,63,7,1,1,0,9,9,17,15,2,0,9,0,4,3
652ae4c034d9a8a9297cb57a,2023-10-15T04:09:12,52,95d8d8e9bd013bd83bd3ee8c,PogbaPredator,202310,무,0,0,0,0,0,0,69,3,46,0,4.03889,keyboard,6,5,0,2,2,0,1,0,0,0,5,2,1,0,0,0,85,70,35,34,10,2,0,0,6,6,28,22,6,6,5,0,5,4
652ae4c034d9a8a9297cb57a,2023-10-15T04:09:12,52,1d8450ef71aa816cfd494356,산공유,202310,무,0,0,1,1,0,0,79,7,54,0,4.24444,keyboard,10,8,0,2,2,0,2,1,0,0,8,2,2,0,0,0,108,92,63,62,13,3,0,0,5,5,22,20,4,2,9,1,9,7
652ac8ce00bdd76e7db70ced,2023-10-15T01:59:40,52,1d8450ef71aa816cfd494356,산공유,202310,패,2,0,0,0,0,0,0,0,0,0,0.0,etc,0,0,0,0,0,0,0,0,0,0,0,0,0,0,0,0,0,0,0,0,0,0,0,0,0,0,0,0,0,0,0,0,0,0
652ac6ec3584986af789eed1,2023-10-15T01:51:38,52,1d8450ef71aa816cfd494356,산공유,202310,패,2,0,0,0,0,0,0,0,0,0,0.0,etc,0,0,0,0,0,0,0,0,0,0,0,0,0,0,0,0,0,0,0,0,0,0,0,0,0,0,0,0,0,0,0,0,0,0
652aa3ccb6cf6685d55da3ea,2023-10-14T23:31:16,52,be25080b15344ea642e3ac74,한수요르,202310,승,0,0,0,0,0,0,65,3,46,0,4.46667,keyboard,7,6,0,3,3,0,2,1,0,0,5,3,2,0,0,0,94,80,49,48,9,3,2,1,3,3,24,19,7,6,3,1,5,3
652aa3ccb6cf6685d55da3ea,2023-10-14T23:31:16,52,1d8450ef71aa816cfd494356,산공유,202310,패,0,0,0,0,0,0,86,1,54,1,3.87778,keyboard,5,5,0,1,1,0,2,1,0,0,4,1,1,0,0,0,119,111,85,83,6,3,0,0,3,3,20,20,5,2,5,0,2,1
652aa1063f7a009d12b0d130,2023-10-14T23:19:58,52,bb42c7220cb1c110c9fe4d97,속도를조절못하니,202310,승,0,0,0,0,0,0,74,0,48,3,4.36667,keyboard,4,4,0,3,3,0,1,1,0,0,3,2,1,1,0,0,99,94,56,55,4,2,0,0,5,5,28,28,6,4,3,0,5,4
652aa1063f7a009d12b0d130,2023-10-14T23:19:58,52,1d8450ef71aa816cfd494356,산공유,202310,패,0,0,0,0,0,0,95,2,52,1,3.67222,keyboard,4,2,0,1,1,0,1,1,0,0,2,1,2,0,0,0,127,116,83,82,8,3,0,0,12,12,21,17,3,2,7,0,7,5
652a9e3a550f0bf03fb48052,2023-10-14T23:07:22,52,bc20a90e396f8526473fb64a,부르렁캉캉,202310,무,0,0,1,1,0,1,68,4,44,0,4.06667,keyboard,6,5,0,1,1,0,1,0,0,0,3,0,3,1,0,0,88,76,50,45,7,2,1,1,5,5,18,17,6,6,9,0,7,4
652a9e3a550f0bf03fb48052,2023-10-14T23:07:22,52,1d8450ef71aa816cfd494356,산공유,202310,무,0,0,0,0,0,0,92,2,56,0,4.21667,keyboard,5,4,0,1,1,0,3,1,0,0,4,1,1,0,0,0,121,113,73,70,6,5,1,0,9,9,27,24,5,5,10,2,8,5
652a9ba4b0af21dedadd0040,2023-10-14T22:56:55,52,6c05aa09a0d06dd7d7f0dfdf,아이네좋아해요,202310,승,0,0,1,0,0,1,97,1,52,1,4.43889,keyboard,6,6,0,3,3,0,1,0,0,0,5,2,1,1,0,0,113,107,77,75,3,1,0,0,7,7,21,19,5,5,6,0,5,3
652a9ba4b0af21dedadd0040,2023-10-14T22:56:55,52,1d8450ef71aa816cfd494356,산공유,202310,패,0,0,0,1,0,0,71,1,48,1,3.65556,keyboard,2,2,0,1,1,0,0,0,0,0,2,1,0,0,0,0,97,84,60,57,8,1,0,0,6,6,18,16,5,4,6,1,5,4
652a98c1a23cb418a4bf3712,2023-10-14T22:44:20,52,b5ee9aa44175f87cc5714464,시리야뭐해,202310,무,0,0,1,0,0,0,95,2,53,1,4.15556,keyboard,3,3,0,1,1,0,1,0,0,0,2,1,1,0,0,0,132,122,91,90,8,1,0,0,6,6,23,21,4,4,4,0,5,3
652a98c1a23cb418a4bf3712,2023-10-14T22:44:20,52,1d8450ef71aa816cfd494356,산공유,202310,무,0,0,0,1,0,0,69,2,47,0,4.01111,keyboard,4,2,0,1,1,0,0,0,1,0,2,0,2,1,0,0,91,77,57,57,6,3,1,0,5,5,16,11,6,1,6,0,4,3
652a9627ead1a134c7235014,2023-10-14T22:33:11,52,b0913ea5c479548d83cd923b,이달호,202310,패,0,0,0,0,0,0,99,3,55,0,4.07222,keyboard,7,7,0,1,1,0,2,0,0,0,5,0,2,1,0,0,125,112,75,75,10,4,0,0,9,9,23,20,5,4,4,1,3,0
652a9627ead1a134c7235014,2023-10-14T22:33:11,52,1d8450ef71aa816cfd494356,산공유,202310,승,0,0,0,0,0,0,65,3,45,0,4.5,keyboard,9,6,0,3,3,0,2,1,0,0,7,3,2,0,0,0,102,90,58,58,6,2,0,0,1,1,32,27,5,2,13,1,8,6
652a8e316bad4580f944609b,2023-10-14T22:00:13,52,1387fc3973a29571cb473060,1MBA5O,202310,패,0,0,1,0,0,0,84,4,50,0,4.0,keyboard,7,6,0,1,1,0,1,0,0,0,4,1,3,0,0,0,102,88,65,65,11,1,0,0,4,3,19,18,2,1,6,1,6,4
652a8e316bad4580f944609b,2023-10-14T22:00:13,52,1d8450ef71aa816cfd494356,산공유,202310,승,0,0,0,0,0,0,67,3,50,0,4.13889,keyboard,5,5,0,2,2,0,2,1,0,0,4,2,1,0,0,0,84,71,46,44,8,2,1,0,2,2,23,20,4,3,7,1,6,4
652a8b86d85e36f738054ee2,2023-10-14T21:48:13,52,1d8450ef71aa816cfd494356,산공유,202310,무,0,0,0,0,0,0,87,5,50,0,4.13889,keyboard,9,7,0,2,2,0,2,0,0,0,7,2,2,0,0,0,111,103,68,67,7,4,1,1,6,6,23,21,5,4,5,1,3,2
652a8b86d85e36f738054ee2,2023-10-14T21:48:13,52,a462e137d856e9c95a3da317,롯데마트과자도둑,202310,무,0,0,0,0,0,0,85,1,50,0,4.18889,keyboard,5,3,0,2,2,0,0,0,0,0,4,2,1,0,0,0,104,97,65,65,4,2,0,0,10,9,19,17,6,4,6,0,7,7
652a83b392292dcfa8efb9eb,2023-10-14T21:14:42,52,52218945fa75ba12f64114dc,배곧동명사수,202310,패,0,0,0,0,0,0,89,3,50,2,3.41111,keyboard,4,3,0,0,0,0,1,0,0,0,3,0,1,0,0,0,112,100,74,73,9,2,0,0,1,1,24,22,3,2,7,0,6,2
652a83b392292dcfa8efb9eb,2023-10-14T21:14:42,52,1d8450ef71aa816cfd494356,산공유,202310,승,0,0,0,0,0,0,84,3,50,0,4.8,keyboard,6,6,0,4,4,0,3,3,0,0,6,4,0,0,0,0,116,105,67,66,8,4,1,0,8,8,29,26,3,1,6,0,6,3
652a8147938217228b5814ce,2023-10-14T21:03:45,52,088830257e2b3f88adeaa471,FC온라인곧망,202310,무,0,0,0,0,0,0,74,1,43,0,4.05,keyboard,6,4,0,1,1,0,1,1,0,0,4,1,2,0,0,0,93,81,59,54,6,1,0,0,3,3,19,18,6,5,4,2,5,5
652a8147938217228b5814ce,2023-10-14T21:03:45,52,1d8450ef71aa816cfd494356,산공유,202310,무,0,0,1,1,0,0,111,1,57,0,4.11667,keyboard,4,4,0,1,1,0,0,0,0,0,1,1,3,0,0,0,124,118,93,92,3,1,0,0,7,6,19,18,2,1,9,1,10,7
652a7ebccadb342d7ab3eb23,2023-10-14T20:53:29,52,20796dcae99ebec3b55c3dba,빙싱용FC,202310,승,0,0,1,2,0,0,94,3,56,0,4.5,keyboard,9,9,0,3,3,0,1,0,1,0,7,3,2,0,0,0,127,123,87,87,7,4,2,2,4,4,24,24,3,2,0,0,7,5
652a7ebccadb342d7ab3eb23,2023-10-14T20:53:29,52,1d8450ef71aa816cfd494356,산공유,202310,패,0,0,1,0,0,0,79,0,44,0,3.63889,keyboard,1,1,0,1,1,0,1,1,0,0,1,1,0,0,0,0,95,85,60,57,5,1,0,0,3,3,22,20,4,4,5,1,3,3
652a7bdad1d5465477d6652b,2023-10-14T20:42:37,52,572f648df58ab6041348603e,코알라만세형님,202310,승,0,0,1,1,0,0,89,6,54,0,4.41111,keyboard,14,10,0,5,5,0,1,1,0,0,7,3,7,2,0,0,116,109,79,79,9,4,0,0,9,9,18,17,1,0,8,1,3,3
652a7bdad1d5465477d6652b,2023-10-14T20:42:37,52,1d8450ef71aa816cfd494356,산공유,202310,패,0,0,0,0,0,0,80,1,46,0,3.87222,keyboard,5,3,0,3,3,0,0,0,1,0,1,1,4,2,0,0,96,87,70,69,2,0,0,0,5,5,15,13,4,0,11,1,11,4
652a793038405e13a9fd3947,2023-10-14T20:29:46,52,e5d45133a4128079b45f5faf,DrinkingHot,202310,패,0,0,1,0,0,0,88,1,50,0,3.59444,keyboard,4,4,0,0,0,0,1,0,0,0,2,0,2,0,0,0,109,99,77,75,6,3,1,0,3,3,18,16,4,2,3,0,3,2
652a793038405e13a9fd3947,2023-10-14T20:29:46,52,1d8450ef71aa816cfd494356,산공유,202310,승,0,0,0,0,0,0,78,2,50,1,4.58333,keyboard,5,5,0,3,3,0,1,0,0,0,5,3,0,0,0,0,110,96,61,60,10,4,0,0,3,3,29,24,7,5,4,1,6,2
6528f1b2619db1403bf27722,2023-10-13T16:29:24,52,1d8450ef71aa816cfd494356,산공유,202310,패,2,0,0,0,0,0,0,0,0,0,0.0,etc,0,0,0,0,0,0,0,0,0,0,0,0,0,0,0,0,0,0,0,0,0,0,0,0,0,0,0,0,0,0,0,0,0,0
6528f1b2619db1403bf27722,2023-10-13T16:29:24,52,ba090d0b67efac59208f4f49,contractkiller,202310,승,1,0,1,0,0,0,79,3,54,1,4.62778,keyboard,10,8,0,3,3,0,2,0,0,0,7,2,3,1,0,0,97,82,46,46,12,4,2,1,9,7,18,17,10,7,4,1,18,17
6528ef213c8a0311c84b70ab,2023-10-13T16:28:37,52,02fcf177c1e7fe66fe9bc2a4,댜크류,202310,패,0,0,0,1,0,0,81,1,50,1,3.73333,keyboard,4,4,0,1,1,0,0,0,0,0,2,0,2,1,0,0,101,91,56,54,10,4,0,0,8,8,22,20,5,5,6,0,8,3
6528ef213c8a0311c84b70ab,2023-10-13T16:28:37,52,1d8450ef71aa816cfd494356,산공유,202310,승,0,0,0,0,0,0,85,3,50,1,4.43889,keyboard,8,8,0,3,3,0,3,0,0,0,6,2,2,1,0,0,109,102,61,60,9,3,1,1,4,4,30,30,4,4,8,0,4,4
6528ecc2f4d255442c736697,2023-10-13T16:17:37,52,72cadc6c1987f61d15d6bfae,자몽먹고잠옴,202310,승,0,0,0,0,0,0,84,0,49,0,4.41111,keyboard,2,2,0,2,2,0,1,1,0,0,2,2,0,0,0,0,108,101,74,74,9,4,0,0,8,8,12,12,4,3,7,1,6,4
6528ecc2f4d255442c736697,2023-10-13T16:17:37,52,1d8450ef71aa816cfd494356,산공유,202310,패,0,0,1,0,0,0,88,2,51,0,3.58889,keyboard,3,2,0,0,0,0,0,0,0,0,0,0,3,0,0,0,115,105,83,83,5,1,1,0,2,2,19,16,4,3,5,0,9,4
6528e952f5f05b1dbd48a85d,2023-10-13T16:03:20,52,6a02d894592abc372f9eda93,leo1219,202310,승,0,0,0,0,0,0,110,1,54,1,4.48333,keyboard,8,7,0,3,3,0,1,0,0,0,4,1,4,2,0,0,133,126,96,95,5,2,1,1,8,8,17,17,4,3,1,0,1,1
6528e952f5f05b1dbd48a85d,2023-10-13T16:03:20,52,1d8450ef71aa816cfd494356,산공유,202310,패,0,0,0,0,0,0,63,0,46,0,3.74444,keyboard,1,1,0,1,1,0,1,1,0,0,1,1,0,0,0,0,79,67,51,49,7,3,0,0,3,3,13,12,5,0,10,0,7,7
6528e87d6d333836588c35c5,2023-10-13T15:52:57,52,cb1f6f1d7644883347dbdcd4,난캐리한다,202310,패,2,0,0,0,0,0,26,0,48,0,4.17222,keyboard,2,1,0,1,0,0,0,0,0,0,1,1,1,0,0,0,29,28,17,17,2,1,0,0,2,2,8,8,0,0,2,0,0,0
6528e87d6d333836588c35c5,2023-10-13T15:52:57,52,1d8450ef71aa816cfd494356,산공유,202310,승,1,0,0,0,0,0,0,0,0,0,0.0,etc,0,0,0,0,3,0,0,0,0,0,0,0,0,0,0,0,0,0,0,0,0,0,0,0,0,0,0,0,0,0,0,0,0,0
6528e5e25c8c5b2d9866718c,2023-10-13T15:49:12,52,3dbf4413a18376ee863afc48,호찬이입니다,202310,패,0,0,1,0,0,0,76,6,53,1,3.95556,keyboard,15,7,0,0,0,0,6,0,0,0,12,0,3,0,0,0,98,91,51,51,14,9,1,1,12,12,17,16,3,2,6,3,6,2
6528e5e25c8c5b2d9866718c,2023-10-13T15:49:12,52,1d8450ef71aa816cfd494356,산공유,202310,승,0,0,0,0,0,0,77,2,47,0,4.28333,keyboard,6,4,0,1,1,0,1,0,1,0,5,1,1,0,0,0,93,83,60,59,5,3,0,0,5,5,17,15,5,1,12,2,6,3
6528e0795ba0ae270361a6d4,2023-10-13T15:20:28,52,213b8fdd8495c9a3d88190e9,K영진,202310,패,2,0,1,0,0,0,49,0,57,0,3.58889,keyboard,1,1,0,1,0,0,0,0,0,0,0,0,1,1,0,0,55,52,34,33,2,1,0,0,6,6,11,11,2,1,3,0,0,0
6528e0795ba0ae270361a6d4,2023-10-13T15:20:28,52,1d8450ef71aa816cfd494356,산공유,202310,승,1,0,0,0,0,0,0,0,0,0,0.0,etc,0,0,0,0,3,0,0,0,0,0,0,0,0,0,0,0,0,0,0,0,0,0,0,0,0,0,0,0,0,0,0,0,0,0
6528d7820f1a4330ce4806bc,2023-10-13T14:47:37,52,e29f06989ffb1f0cd46776be,감전동본도,202310,승,0,0,0,0,0,0,89,1,53,1,4.62778,keyboard,5,4,0,3,3,0,1,0,0,0,5,3,0,0,0,0,127,114,79,77,7,3,3,2,1,1,27,25,10,6,3,0,5,2
6528d7820f1a4330ce4806bc,2023-10-13T14:47:37,52,1d8450ef71aa816cfd494356,산공유,202310,패,0,0,0,2,0,0,83,1,47,3,3.36667,keyboard,2,2,0,0,0,0,0,0,0,0,2,0,0,0,0,0,108,97,69,68,3,0,0,0,8,8,18,15,10,6,7,0,7,2
6528d3a7270c3a9d4bff32ad,2023-10-13T14:30:52,52,c3d42440cb68686b9bc99988,로로로로헣,202310,패,0,0,1,0,0,0,77,1,41,0,3.58333,keyboard,4,3,0,1,1,0,1,0,0,0,3,1,1,0,0,0,93,85,51,51,5,1,0,0,7,6,23,23,7,4,6,1,10,6
6528d3a7270c3a9d4bff32ad,2023-10-13T14:30:52,52,1d8450ef71aa816cfd494356,산공유,202310,승,0,0,1,0,0,0,112,0,59,0,4.42778,keyboard,5,4,0,3,3,0,0,0,0,0,3,2,2,1,0,0,136,130,98,95,3,1,0,0,9,9,22,22,4,3,5,1,6,3
6528d12ca6e990361c264ae2,2023-10-13T14:20:23,52,caff944d3fa8164be5c364d3,농뭉휸,202310,승,0,0,0,0,0,0,81,2,46,2,4.34445,keyboard,6,3,0,2,2,0,2,0,0,0,4,0,2,2,0,0,102,91,58,56,5,2,2,0,14,14,18,17,4,2,3,0,7,6
6528d12ca6e990361c264ae2,2023-10-13T14:20:23,52,1d8450ef71aa816cfd494356,산공유,202310,패,0,0,0,0,0,0,89,0,54,1,3.62778,keyboard,0,0,0,0,0,0,0,0,0,0,0,0,0,0,0,0,110,97,74,71,5,2,0,0,5,5,19,17,7,2,5,0,7,3
6528bc825375f75e3e05d99e,2023-10-13T12:52:04,52,be431afac8e16d18315dabd9,잉웅2,202310,패,0,0,1,0,0,0,97,0,52,1,3.81667,keyboard,2,2,0,1,1,0,0,0,0,0,2,1,0,0,0,0,125,113,85,83,6,2,0,0,9,9,17,17,7,2,1,0,4,3
6528bc825375f75e3e05d99e,2023-10-13T12:52:04,52,1d8450ef71aa816cfd494356,산공유,202310,승,0,0,0,0,0,0,82,1,48,0,4.22778,keyboard,6,5,0,2,2,0,1,1,0,0,3,2,3,0,0,0,121,110,76,74,4,2,0,0,8,7,23,20,10,7,6,1,5,3
6528b94d82f6ca05cba46bd9,2023-10-13T12:38:41,52,a38ca5b27ce3d2280f0afe25,퐁스카스,202310,패,0,0,1,0,0,0,99,1,54,0,3.47222,keyboard,5,2,0,0,0,0,1,0,0,0,1,0,4,0,0,0,113,107,85,85,6,1,0,0,5,5,14,14,3,2,4,0,9,2
6528b94d82f6ca05cba46bd9,2023-10-13T12:38:41,52,1d8450ef71aa816cfd494356,산공유,202310,승,0,0,1,0,0,0,81,1,46,0,4.58333,keyboard,7,7,0,4,4,0,0,0,1,0,4,2,3,2,0,0,92,82,57,56,6,0,0,0,6,6,17,17,4,3,7,2,9,5
6528a73688e2aa1879cbf07f,2023-10-13T11:21:51,52,6d76f05705c1f66958c53bd7,민보튜브,202310,무,0,0,2,0,0,1,112,4,58,2,4.12222,keyboard,7,6,0,2,2,0,0,0,0,0,3,2,4,0,0,0,138,125,82,81,8,1,0,0,12,11,31,28,5,4,3,0,6,2
6528a73688e2aa1879cbf07f,2023-10-13T11:21:51,52,1d8450ef71aa816cfd494356,산공유,202310,무,0,0,0,0,0,0,67,1,42,1,4.04444,keyboard,4,4,0,2,2,0,0,0,0,0,4,2,0,0,0,0,88,75,46,45,7,1,0,0,5,5,24,20,6,4,17,1,9,6
6526f9d20ebf269db199e790,2023-10-12T04:49:55,52,1d8450ef71aa816cfd494356,산공유,202310,패,0,0,0,0,0,0,76,3,46,2,3.94444,keyboard,4,4,0,0,0,0,2,0,0,0,2,0,2,0,0,0,94,84,59,58,5,2,0,0,8,8,16,13,6,3,4,2,7,5
6526f9d20ebf269db199e790,2023-10-12T04:49:55,52,a252ae9df9056039d386306a,박지후지박,202310,승,0,0,0,0,0,0,89,1,54,2,4.40556,keyboard,6,6,0,1,1,0,0,0,0,0,4,0,2,1,0,0,116,106,72,71,9,4,0,0,7,7,20,17,7,7,5,1,6,5
6526f71e40946fc7546796a4,2023-10-12T04:38:20,52,5c58467d14ed16fb7d90f613,전우츼,202310,무,0,0,1,0,0,1,77,1,46,3,3.93889,keyboard,5,5,0,2,2,0,2,0,0,0,3,1,2,1,0,0,92,84,49,49,7,2,1,1,4,4,23,22,8,6,5,1,10,5
6526f71e40946fc7546796a4,2023-10-12T04:38:20,52,1d8450ef71aa816cfd494356,산공유,202310,무,0,0,0,0,0,0,94,2,54,0,4.02778,keyboard,5,5,0,2,2,0,0,0,0,0,4,2,1,0,0,0,117,107,84,80,7,2,1,1,8,8,13,13,4,3,8,0,4,3
6526f463ea7ca4a4f7e51c10,2023-10-12T04:26:50,52,23443a55b27f1e6ff40f1e22,야혜지,202310,승,0,0,0,0,0,0,87,5,50,0,4.24444,keyboard,10,8,0,2,2,0,1,0,0,0,5,2,5,0,0,0,110,98,59,59,12,1,1,1,4,4,29,28,5,5,6,0,3,2
6526f463ea7ca4a4f7e51c10,2023-10-12T04:26:50,52,1d8450ef71aa816cfd494356,산공유,202310,패,0,0,0,0,0,0,85,0,50,1,3.97222,keyboard,5,4,0,1,1,0,2,0,0,0,4,0,1,1,0,0,109,102,80,79,2,1,0,0,4,4,18,17,5,1,12,1,5,3
6526f192673b0c30f49c56d8,2023-10-12T04:15:10,52,e8079319324bf297998e8eac,WEQSW,202310,무,0,0,1,1,0,0,78,1,45,0,3.97222,keyboard,7,5,0,2,2,0,1,0,0,0,5,2,2,0,0,0,85,77,52,51,4,1,1,0,6,6,15,15,7,4,3,0,5,4
6526f192673b0c30f49c56d8,2023-10-12T04:15:10,52,1d8450ef71aa816cfd494356,산공유,202310,무,0,0,0,0,0,0,87,2,55,1,4.15556,keyboard,5,3,0,2,2,0,1,0,0,0,5,2,0,0,0,0,111,102,74,74,6,3,1,0,5,5,17,16,8,4,8,1,5,4
6526eee19996c6eefbd3d32c,2023-10-12T04:03:10,52,1d8450ef71aa816cfd494356,산공유,202310,승,0,0,0,0,0,0,88,3,56,0,4.21667,keyboard,6,6,0,2,2,0,1,0,0,0,2,1,4,1,0,0,105,93,60,60,7,0,0,0,7,7,24,23,7,3,3,0,3,3
6526eee19996c6eefbd3d32c,2023-10-12T04:03:10,52,75c4440e7f2494f0d7412da8,스끼야,202310,패,0,0,0,0,0,0,75,0,44,0,3.85,keyboard,2,2,0,1,1,0,1,0,0,0,2,1,0,0,0,0,98,90,57,56,7,4,1,1,7,7,20,19,6,3,5,1,7,3
6526ec1ffe9a5a8095f8b00a,2023-10-12T03:51:41,52,1d8450ef71aa816cfd494356,산공유,202310,패,0,0,1,0,0,1,94,2,55,1,4.02778,keyboard,7,4,0,1,1,0,2,0,0,0,4,1,3,0,0,0,139,129,94,93,6,5,0,0,4,4,28,23,7,4,2,0,9,8
6526ec1ffe9a5a8095f8b00a,2023-10-12T03:51:41,52,431d1fd1c33236790d0908ed,흥민이나만봐,202310,승,0,0,1,0,0,0,82,0,45,0,4.14444,keyboard,3,3,0,2,2,0,0,0,0,0,1,1,1,1,1,0,99,88,67,67,5,1,0,0,6,6,11,11,8,3,5,0,5,2
6526e92064647106eae3fc95,2023-10-12T03:39:54,52,e2a61a05a4944fffeeb6d799,김뮌첼,202310,무,0,0,0,1,0,0,90,2,50,0,4.14444,keyboard,7,5,0,4,4,0,2,1,0,0,5,3,2,1,0,0,124,114,81,78,7,5,2,1,5,5,28,25,1,0,6,1,5,3
6526e92064647106eae3fc95,2023-10-12T03:39:54,52,1d8450ef71aa816cfd494356,산공유,202310,무,0,0,0,0,0,0,82,1,50,1,4.08889,keyboard,7,6,0,4,4,0,1,0,0,0,3,3,4,1,0,0,103,96,66,65,5,2,1,0,5,5,23,23,3,1,7,1,3,2
6526e64c859ac57823ee4d6d,2023-10-12T03:27:07,52,1d8450ef71aa816cfd494356,산공유,202310,패,0,0,1,0,0,0,88,0,50,0,3.99444,keyboard,5,5,0,3,3,0,0,0,0,0,4,3,1,0,0,0,103,97,68,67,3,1,0,0,1,1,24,23,6,5,7,3,7,4
6526e64c859ac57823ee4d6d,2023-10-12T03:27:07,52,f954ba105099ea70edfd7631,레전드인생슛,202310,승,0,0,0,0,0,0,93,0,50,0,4.32778,keyboard,8,7,0,4,4,0,0,0,1,0,5,4,3,0,0,0,112,109,77,77,2,2,0,0,6,6,22,22,5,2,4,1,7,4
6526e3ac845b76713d8074f4,2023-10-12T03:15:03,52,a4ffb1520479b8d595ad3981,SJAN,202310,무,0,0,0,0,0,0,105,0,57,2,4.11667,keyboard,1,1,0,1,1,0,0,0,0,0,0,0,1,1,0,0,134,124,98,97,7,1,0,0,8,8,18,16,3,2,1,0,3,2
6526e3ac845b76713d8074f4,2023-10-12T03:15:03,52,1d8450ef71aa816cfd494356,산공유,202310,무,0,0,0,0,0,0,68,1,43,0,3.92778,keyboard,2,2,0,1,1,0,0,0,0,0,1,1,1,0,0,0,89,74,54,54,6,1,1,1,3,3,13,11,11,4,4,0,6,3
6526e0d8c1b6029743972112,2023-10-12T03:03:51,52,1d8450ef71aa816cfd494356,산공유,202310,패,0,0,1,0,0,0,89,3,53,0,3.83333,keyboard,4,4,0,1,1,0,0,0,0,0,3,1,1,0,0,0,108,94,67,66,6,0,0,0,7,7,23,19,5,2,3,1,6,3
6526e0d8c1b6029743972112,2023-10-12T03:03:51,52,27d6be009c9d804e7b8fe990,0122233,202310,승,0,0,0,0,0,0,87,3,47,0,4.20556,keyboard,6,6,0,2,2,0,0,0,1,0,4,2,2,0,0,0,101,91,64,64,5,0,0,0,3,3,23,22,6,2,6,0,1,1
6526de3992fb417bbf6b138e,2023-10-12T02:51:47,52,9b7388db9ada542a6524b48b,떠올라,202310,무,0,0,1,1,0,0,69,1,49,1,4.07778,keyboard,4,2,0,0,0,0,1,0,0,0,3,0,1,0,0,0,79,69,49,49,8,1,0,0,4,4,13,13,5,2,7,0,7,3
6526de3992fb417bbf6b138e,2023-10-12T02:51:47,52,1d8450ef71aa816cfd494356,산공유,202310,무,0,0,1,0,0,0,84,3,51,0,4.19444,keyboard,7,4,0,0,0,0,1,0,1,0,3,0,4,0,0,0,116,100,75,73,12,3,0,0,5,5,17,14,6,5,3,0,5,5
6526db6987f29e2e5b0b18ff,2023-10-12T02:40:37,52,1d8450ef71aa816cfd494356,산공유,202310,승,0,0,0,1,0,0,76,2,49,0,4.42222,keyboard,7,6,0,3,3,0,1,0,0,0,6,3,1,0,0,0,93,86,59,59,8,2,1,1,6,6,14,14,5,4,13,2,7,7
6526db6987f29e2e5b0b18ff,2023-10-12T02:40:37,52,822dfc5cea03d6e1e0ea5762,휴면257541160612,202310,패,0,0,0,0,0,0,87,3,51,0,3.80556,keyboard,8,6,0,1,1,0,1,0,0,0,3,0,5,1,0,0,109,103,61,61,8,3,0,0,10,10,27,26,3,3,9,0,8,4
6526d89c8e75d7ef83fd662c,2023-10-12T02:28:36,52,717eb18a12ab6b8bb837b58b,ZD온라인,202310,패,0,0,0,0,0,0,68,1,42,0,4.06667,keyboard,6,5,0,3,3,0,0,0,0,0,6,3,0,0,0,0,81,74,49,47,2,1,4,3,3,2,18,18,5,3,15,1,6,4
6526d89c8e75d7ef83fd662c,2023-10-12T02:28:36,52,1d8450ef71aa816cfd494356,산공유,202310,승,0,0,0,0,0,0,101,3,58,0,4.38333,keyboard,9,9,0,4,4,0,0,0,0,0,5,4,4,0,0,0,132,122,95,91,6,3,1,1,7,7,18,16,5,4,6,0,4,4
6526d5e0e9d0214238d2d2c2,2023-10-12T02:16:40,52,1d8450ef71aa816cfd494356,산공유,202310,무,0,0,0,0,0,0,102,1,57,0,4.17778,keyboard,6,5,0,2,2,0,1,0,0,0,4,1,2,1,0,0,129,122,89,89,4,1,0,0,7,7,22,19,7,6,10,0,2,0
6526d5e0e9d0214238d2d2c2,2023-10-12T02:16:40,52,fc77bb094b723e229c14ffdf,싼맛에뛴다,202310,무,0,0,0,0,0,0,63,3,43,1,4.05,keyboard,5,4,0,2,2,0,0,0,0,0,3,1,2,1,0,0,87,76,48,47,8,2,0,0,4,4,22,21,5,2,4,1,3,2
6526d2d460e44bb2d2b6f95b,2023-10-12T02:04:12,52,b33af3e99f395dda318f127c,CSPA,202310,패,0,0,1,0,0,0,90,0,47,0,3.36111,keyboard,1,0,0,0,0,0,0,0,1,0,0,0,1,0,0,0,101,92,68,68,4,0,0,0,6,6,19,17,3,1,7,1,6,3
6526d2d460e44bb2d2b6f95b,2023-10-12T02:04:12,52,1d8450ef71aa816cfd494356,산공유,202310,승,0,0,1,0,0,0,101,4,53,1,4.92778,keyboard,10,10,0,5,5,0,2,1,0,0,8,5,2,0,0,0,125,115,75,75,9,5,2,1,5,5,26,24,7,5,5,0,4,4
6526d0852ee5c6f27c56742a,2023-10-12T01:52:25,52,1d8450ef71aa816cfd494356,산공유,202310,승,0,0,0,0,0,0,56,1,36,0,4.28889,keyboard,3,3,0,1,1,0,1,0,0,0,3,1,0,0,0,0,74,66,44,43,4,1,0,0,1,1,16,14,8,7,6,1,11,8
6526d0852ee5c6f27c56742a,2023-10-12T01:52:25,52,cf638bba764e08c5dda95335,엄킹,202310,패,0,0,1,0,0,0,129,0,64,0,3.91111,keyboard,2,2,0,0,0,0,0,0,0,0,1,0,1,0,0,0,155,145,107,104,4,1,0,0,9,8,29,27,5,5,0,0,1,1
6526cdbefd262bda5509f3b0,2023-10-12T01:42:08,52,00cd9989ee20a73a11c73496,박선우호구,202310,패,0,0,0,0,0,0,96,2,49,0,3.87222,keyboard,2,2,0,1,1,0,0,0,0,0,0,0,2,1,0,0,111,100,70,70,10,3,0,0,6,6,22,19,3,2,8,1,4,2
6526cdbefd262bda5509f3b0,2023-10-12T01:42:08,52,1d8450ef71aa816cfd494356,산공유,202310,승,0,0,1,0,0,0,80,2,51,1,4.15556,keyboard,5,5,0,2,2,0,0,0,0,0,2,1,3,1,0,0,94,86,59,58,5,1,0,0,6,6,18,16,6,5,5,1,7,5
6526cb062ce5186daaad6702,2023-10-12T01:30:17,52,1d8450ef71aa816cfd494356,산공유,202310,패,0,0,0,0,0,0,83,2,48,0,3.81667,keyboard,4,3,0,1,1,0,2,0,0,0,4,1,0,0,0,0,112,107,74,72,6,5,0,0,1,1,26,25,5,4,2,0,6,5
6526cb062ce5186daaad6702,2023-10-12T01:30:17,52,c1862491f97b60989daefaf0,구단주이름조,202310,승,0,0,1,0,0,1,99,2,52,0,4.12222,keyboard,2,2,0,2,2,0,1,1,0,0,2,2,0,0,0,0,122,112,80,79,6,1,0,0,10,10,22,20,3,2,3,0,8,5
6526c85f69e131f9a506d0cc,2023-10-12T01:18:41,52,37304cb379d604f89bed4f5a,밥버거주먹,202310,승,0,0,2,0,0,0,68,4,44,0,4.23333,keyboard,5,5,0,1,1,0,0,0,0,0,4,1,1,0,0,0,99,90,67,66,7,2,2,2,4,4,18,16,1,0,4,0,9,5
6526c85f69e131f9a506d0cc,2023-10-12T01:18:41,52,1d8450ef71aa816cfd494356,산공유,202310,패,0,0,0,0,0,0,87,2,56,0,3.96111,keyboard,4,2,0,0,0,0,0,0,1,0,1,0,3,0,0,0,114,102,81,80,7,1,1,1,5,5,16,14,4,1,6,1,5,5
6526c57c46a3415e628728b3,2023-10-12T01:07:21,52,f3fbfdc9c0a5e733413589a9,AndrewWiggins22,202310,승,0,0,0,0,0,0,80,0,48,0,4.3,keyboard,6,5,0,4,4,0,1,1,0,0,4,3,2,1,0,0,106,100,70,70,6,4,0,0,6,6,19,16,5,4,7,0,5,3
6526c57c46a3415e628728b3,2023-10-12T01:07:21,52,1d8450ef71aa816cfd494356,산공유,202310,패,0,0,0,0,0,0,87,3,52,1,3.97778,keyboard,5,5,0,3,3,0,0,0,0,0,3,2,2,1,0,0,110,101,79,79,8,1,0,0,5,5,16,15,2,1,7,1,2,1
6526c28f4a7f437ca650b5ac,2023-10-12T00:54:16,52,1d8450ef71aa816cfd494356,산공유,202310,승,0,0,0,0,0,0,87,3,50,0,4.55556,keyboard,6,5,0,4,4,0,2,0,0,0,5,3,1,1,0,0,113,99,71,67,5,2,1,0,4,4,25,25,7,1,8,1,4,2
6526c28f4a7f437ca650b5ac,2023-10-12T00:54:16,52,75f5fdfa21f89d6237da5771,류진,202310,패,0,0,0,0,0,0,79,4,50,0,3.66111,keyboard,6,6,0,1,1,0,1,0,0,0,4,1,2,0,0,0,112,98,64,63,8,1,1,1,2,2,28,26,9,5,3,1,3,1
65259ded58840f85e1322db0,2023-10-11T04:05:16,52,25a589e4d7e1aa4b0a7ff70c,문현동키우미,202310,승,0,0,0,1,0,0,59,1,44,1,4.24444,keyboard,2,2,0,1,1,0,0,0,0,0,2,1,0,0,0,0,78,70,37,36,2,0,1,0,6,6,23,21,9,7,8,1,4,4
65259ded58840f85e1322db0,2023-10-11T04:05:16,52,1d8450ef71aa816cfd494356,산공유,202310,패,0,0,0,0,0,0,104,4,56,0,4.00556,keyboard,8,8,0,0,0,0,2,0,0,0,5,0,3,0,0,0,123,112,77,76,12,5,0,0,9,8,19,18,5,5,3,0,5,5
65259b5a102e8c484f24a58c,2023-10-11T03:54:01,52,1d8450ef71aa816cfd494356,산공유,202310,무,0,0,0,0,0,0,95,5,51,0,4.05556,keyboard,8,6,0,1,1,0,2,0,0,0,5,1,3,0,0,0,116,104,72,71,12,4,1,0,7,7,20,19,4,3,4,0,5,4
65259b5a102e8c484f24a58c,2023-10-11T03:54:01,52,6383c403c12df79ff8cc2456,휴면850827652123,202310,무,0,0,1,0,0,0,74,0,49,3,3.93889,keyboard,3,3,0,1,1,0,0,0,0,0,1,0,2,1,0,0,87,80,54,54,4,0,0,0,4,4,21,20,4,2,10,1,5,4
65259871dffdfa45cf905661,2023-10-11T03:42:58,52,647d6655cf2323f4f7720d66,한방의남자,202310,승,0,0,0,1,0,0,92,9,54,2,4.53889,keyboard,11,9,0,3,3,0,3,1,0,0,6,1,5,2,0,0,131,115,74,72,15,6,1,0,5,5,33,30,2,2,1,0,2,1
65259871dffdfa45cf905661,2023-10-11T03:42:58,52,1d8450ef71aa816cfd494356,산공유,202310,패,0,0,0,0,0,0,70,0,46,1,3.50556,keyboard,0,0,0,0,0,0,0,0,0,0,0,0,0,0,0,0,86,74,51,50,4,1,0,0,7,7,17,14,7,2,13,1,4,3
652595c85e16b25933346b6b,2023-10-11T03:30:37,52,1d91fd775257620d6bb28542,블루모가발,202310,패,0,0,1,0,0,0,94,2,52,1,3.74444,keyboard,6,5,0,1,1,0,0,0,0,0,5,1,1,0,0,0,110,101,64,64,8,2,2,1,12,12,21,21,2,1,1,0,3,2
652595c85e16b25933346b6b,2023-10-11T03:30:37,52,1d8450ef71aa816cfd494356,산공유,202310,승,0,0,0,0,0,0,71,0,48,0,4.3,keyboard,4,2,0,2,2,0,0,0,0,0,4,2,0,0,0,0,95,85,58,56,7,1,1,1,6,6,18,18,5,3,11,2,8,4
65259326731f5e8de0274c84,2023-10-11T03:19:16,52,1d8450ef71aa816cfd494356,산공유,202310,패,0,0,0,0,0,0,84,3,50,1,3.78889,keyboard,8,6,0,0,0,0,4,0,1,0,6,0,2,0,0,0,112,102,75,73,7,6,0,0,4,4,16,13,10,6,6,1,2,2
65259326731f5e8de0274c84,2023-10-11T03:19:16,52,41f2614cf08df2c2378a64de,루테인오메가,202310,승,0,0,1,0,0,0,83,1,50,0,4.51667,keyboard,6,6,0,3,3,0,0,0,0,0,4,3,2,0,0,0,102,90,65,63,6,0,0,0,5,5,17,17,9,5,4,0,8,5
6525908bb39d52303db7e05a,2023-10-11T03:08:02,52,f05bade3be4b6026d43e168b,장만월띠,202310,패,0,0,0,1,0,0,70,1,44,0,3.83889,keyboard,1,1,0,0,0,0,1,0,0,0,1,0,0,0,0,0,93,82,52,50,7,2,0,0,6,6,21,19,7,5,9,0,3,2
6525908bb39d52303db7e05a,2023-10-11T03:08:02,52,1d8450ef71aa816cfd494356,산공유,202310,승,0,0,0,0,0,0,92,3,56,0,4.38889,keyboard,7,5,0,1,1,0,1,0,0,0,3,1,4,0,0,0,123,110,79,78,9,2,1,0,5,5,23,20,5,5,2,0,11,7
65258dcc8f91c7afa54e64dd,2023-10-11T02:56:54,52,1d8450ef71aa816cfd494356,산공유,202310,승,0,0,1,0,0,0,70,1,47,1,4.20556,keyboard,3,2,0,1,1,0,1,0,0,0,2,1,1,0,0,0,87,74,64,63,9,2,0,0,3,3,5,5,6,1,6,1,5,3
65258dcc8f91c7afa54e64dd,2023-10-11T02:56:54,52,5e7ee069a317991fdbedc6be,므으으므,202310,패,0,0,2,1,0,1,95,4,53,0,3.97778,keyboard,7,7,0,0,0,0,1,0,0,0,3,0,4,0,0,0,129,121,89,88,11,6,0,0,10,10,15,14,3,3,5,0,6,3
65258b18875798f7717a91ab,2023-10-11T02:45:12,52,c216ad30301737980dfcc737,꼬레아킬러,202310,패,0,0,1,0,0,0,51,2,43,0,3.65,keyboard,3,2,0,0,0,0,1,0,0,0,2,0,1,0,0,0,67,55,39,37,12,6,0,0,4,4,10,8,1,0,4,1,3,1
65258b18875798f7717a91ab,2023-10-11T02:45:12,52,1d8450ef71aa816cfd494356,산공유,202310,승,0,0,1,0,0,0,103,1,57,3,4.38333,keyboard,5,3,0,1,1,0,0,0,0,0,3,1,2,0,0,0,119,115,89,89,3,0,0,0,2,2,19,19,6,5,4,0,6,5
6525883efcb1ced826267a58,2023-10-11T02:33:39,52,1d8450ef71aa816cfd494356,산공유,202310,패,0,0,1,0,0,0,91,2,52,0,3.29444,keyboard,4,3,0,0,0,0,0,0,0,0,4,0,0,0,0,0,116,104,75,74,8,4,3,1,10,10,17,14,3,1,7,1,5,3
6525883efcb1ced826267a58,2023-10-11T02:33:39,52,57c719dedbb49edd84b5e0cf,에스파냐황금세대,202310,승,0,0,0,0,0,0,75,1,48,2,4.63333,keyboard,8,6,0,4,4,0,1,0,1,1,6,3,2,1,0,0,92,86,58,56,3,2,0,0,10,10,13,11,7,7,10,1,7,4
6525856a26e0a63630dbccc9,2023-10-11T02:21:29,52,1d8450ef71aa816cfd494356,산공유,202310,패,0,0,0,0,0,0,93,2,54,1,4.02222,keyboard,4,3,0,1,1,0,1,0,0,0,2,0,2,1,0,0,120,108,80,79,7,2,1,0,3,3,21,19,8,5,4,1,4,2
6525856a26e0a63630dbccc9,2023-10-11T02:21:29,52,e2530367fb29b116c817f99a,럭키카카,202310,승,0,0,1,0,0,1,76,5,46,1,4.25556,keyboard,6,5,0,2,2,0,1,0,0,0,4,1,2,1,0,0,104,89,61,61,13,1,2,1,1,1,21,20,6,5,5,0,6,2
652582a2c4c31266b34b0aeb,2023-10-11T02:09:25,52,1d8450ef71aa816cfd494356,산공유,202310,승,0,0,1,0,0,0,91,2,52,0,4.53889,keyboard,7,7,0,3,3,0,0,0,0,0,3,2,4,1,0,0,121,109,79,78,7,1,0,0,5,5,24,23,6,2,10,1,4,3
652582a2c4c31266b34b0aeb,2023-10-11T02:09:25,52,8245b11e0c20f9f6866a53f8,서로간에밸런쮸,202310,패,0,0,0,1,0,0,81,2,48,2,3.84444,keyboard,5,4,0,1,1,0,0,0,0,0,2,1,3,0,0,0,108,98,68,68,10,2,0,0,6,6,20,20,4,2,7,1,6,4
65257ff04272ae2a0a298145,2023-10-11T01:57:34,52,1d8450ef71aa816cfd494356,산공유,202310,무,0,0,0,0,0,0,95,0,47,0,4.14444,keyboard,4,3,0,2,2,0,0,0,0,0,0,0,4,2,0,0,113,107,75,75,3,1,0,0,9,7,23,22,3,2,3,1,1,0
65257ff04272ae2a0a298145,2023-10-11T01:57:34,52,05f0247dd1dfb44a45c7afe5,천리마하정우,202310,무,0,0,0,0,0,0,95,2,53,1,4.13333,keyboard,6,4,0,2,2,0,0,0,0,0,4,2,2,0,0,0,122,112,74,74,8,4,0,0,8,8,21,20,11,6,7,0,2,2
65257d2ee61d42430f2a142a,2023-10-11T01:46:04,52,1d8450ef71aa816cfd494356,산공유,202310,승,0,0,1,0,0,0,79,0,46,0,4.01111,keyboard,2,2,0,2,2,0,0,0,0,0,0,0,1,1,1,1,99,90,56,55,6,1,0,0,10,10,19,19,8,5,5,1,4,1
65257d2ee61d42430f2a142a,2023-10-11T01:46:04,52,f535c265f613746e7b15ad31,Booooooos,202310,패,0,0,1,0,0,0,95,2,54,1,3.78889,keyboard,5,5,0,1,1,0,2,0,0,0,2,0,2,0,1,1,128,120,94,92,8,4,0,0,6,6,13,13,7,5,3,0,6,4
65257a52deeae6c39399cfa1,2023-10-11T01:34:17,52,1d8450ef71aa816cfd494356,산공유,202310,무,0,0,0,0,0,0,100,5,60,1,4.15,keyboard,8,7,0,2,2,0,2,1,0,0,7,2,1,0,0,0,123,110,82,81,14,3,1,1,6,5,15,15,5,5,5,1,3,2
65257a52deeae6c39399cfa1,2023-10-11T01:34:17,52,cefa9170796c18bf43cb0d6c,밀라느2,202310,무,0,0,4,0,0,1,55,0,40,2,3.86667,keyboard,5,3,0,2,2,0,0,0,0,0,2,2,3,0,0,0,78,65,44,41,4,1,0,0,2,2,18,17,10,4,6,2,10,4
652577c980bedfeb4a60a4b6,2023-10-11T01:22:06,52,1d8450ef71aa816cfd494356,산공유,202310,승,0,0,0,0,0,0,65,1,41,1,4.23889,keyboard,7,6,0,2,2,0,2,0,0,0,5,1,2,1,0,0,87,80,45,44,6,3,1,1,5,5,24,22,6,5,5,0,4,4
652577c980bedfeb4a60a4b6,2023-10-11T01:22:06,52,c019d714a7caf9293d7eca1d,정대환,202310,패,0,0,0,0,0,0,113,2,59,0,3.98333,keyboard,2,2,0,1,1,0,0,0,0,0,1,1,1,0,0,0,143,130,94,91,9,2,0,0,7,7,27,27,5,3,5,1,3,2
6525751cbb4e4f3cca5caa87,2023-10-11T01:11:16,52,d4ec70131d30d70a11116ade,세스코선제공격,202310,승,0,0,0,0,0,0,80,0,49,1,4.41667,keyboard,4,3,0,2,2,0,0,0,0,0,4,2,0,0,0,0,105,96,67,66,4,0,0,0,5,4,25,24,2,2,3,1,7,4
6525751cbb4e4f3cca5caa87,2023-10-11T01:11:16,52,1d8450ef71aa816cfd494356,산공유,202310,패,0,0,0,0,0,0,89,1,51,1,3.85556,keyboard,4,4,0,0,0,0,2,0,0,0,3,0,1,0,0,0,117,109,75,74,7,2,0,0,9,9,20,19,6,5,4,1,7,5
652572762524f07ca50417d9,2023-10-11T00:59:51,52,d865c1904587b5dc72bc9e4d,나보다잘하니,202310,무,0,0,0,0,0,0,90,1,48,1,4.06667,keyboard,6,6,0,1,1,0,0,0,0,0,5,1,1,0,0,0,114,106,64,64,6,3,1,1,5,5,33,31,4,2,3,0,3,2
652572762524f07ca50417d9,2023-10-11T00:59:51,52,1d8450ef71aa816cfd494356,산공유,202310,무,0,0,0,0,0,0,87,1,52,0,4.02222,keyboard,4,3,0,1,1,0,2,1,0,0,4,1,0,0,0,0,107,97,74,72,9,5,0,0,2,2,15,14,6,4,8,2,9,4
65256fc369c6b95a2e0ea72f,2023-10-11T00:48:33,52,4dda8fc0d5be2554c4897526,벅쉬,202310,승,0,0,0,0,0,0,103,7,57,0,4.35,keyboard,13,10,0,2,2,0,5,0,0,0,9,2,4,0,0,0,134,120,88,88,14,6,1,1,5,5,23,19,2,1,0,0,6,4
65256fc369c6b95a2e0ea72f,2023-10-11T00:48:33,52,1d8450ef71aa816cfd494356,산공유,202310,패,0,0,0,0,0,0,62,0,43,0,3.90556,keyboard,1,1,0,1,1,0,0,0,0,0,0,0,1,1,0,0,78,69,54,51,4,1,0,0,6,6,10,10,4,1,14,3,4,3
65256d1f0dcc1908e5e0966e,2023-10-11T00:37:02,52,2a316b6b4854d280ea761b01,처음해도내가이김,202310,승,0,0,0,0,0,0,90,0,51,2,4.28333,keyboard,2,2,0,1,1,0,0,0,0,0,1,0,1,1,0,0,115,104,67,67,6,0,1,0,8,8,27,26,6,3,5,1,3,3
65256d1f0dcc1908e5e0966e,2023-10-11T00:37:02,52,1d8450ef71aa816cfd494356,산공유,202310,패,0,0,0,0,0,0,87,1,49,1,3.87778,keyboard,4,3,0,0,0,0,1,0,0,0,1,0,3,0,0,0,118,108,81,80,4,0,0,0,6,6,16,15,11,7,5,0,3,1
65256a9604e8cf153f636211,2023-10-11T00:25:51,52,1d8450ef71aa816cfd494356,산공유,202310,승,0,0,1,0,0,0,62,1,44,4,4.07222,keyboard,3,2,0,1,1,0,0,0,0,0,2,0,1,1,0,0,76,64,48,46,6,2,1,0,6,6,7,6,7,4,5,1,9,7
65256a9604e8cf153f636211,2023-10-11T00:25:51,52,73cb7b27378d1a77b997fc76,연기영,202310,패,0,0,1,0,0,0,100,1,56,0,3.84444,keyboard,4,2,0,0,0,0,1,0,0,0,1,0,3,0,0,0,129,119,92,91,8,3,1,0,10,9,17,15,1,1,8,2,5,3
65241a77b56315ed916d0128,2023-10-10T00:31:39,52,1d8450ef71aa816cfd494356,산공유,202310,승,0,0,0,0,0,0,101,3,57,1,4.56111,keyboard,3,2,0,2,2,0,0,0,0,0,1,0,2,2,0,0,131,120,82,82,9,2,2,1,4,4,30,27,4,4,2,0,7,6
65241a77b56315ed916d0128,2023-10-10T00:31:39,52,7e95078869ca869dfb5f141b,동준이는못날아요,202310,패,0,0,1,0,0,0,76,2,43,0,3.54444,keyboard,1,1,0,0,0,0,0,0,0,0,1,0,0,0,0,0,95,79,52,52,11,1,0,0,5,5,14,14,12,7,10,1,9,6
652417f360c530db4a171c49,2023-10-10T00:20:59,52,1d8450ef71aa816cfd494356,산공유,202310,승,0,0,0,0,0,0,94,3,57,1,4.66111,keyboard,10,10,0,3,3,0,2,0,0,0,5,1,5,2,0,0,132,122,70,69,8,2,1,0,13,13,34,34,6,4,7,0,3,2
652417f360c530db4a171c49,2023-10-10T00:20:59,52,be528a1276d40fb21be7d6d6,뿟산,202310,패,0,0,0,1,0,0,65,1,43,0,3.63889,keyboard,3,3,0,0,0,0,1,0,0,0,2,0,1,0,0,0,93,82,67,65,6,1,0,0,2,2,12,11,5,3,14,1,5,2
6524155b6200e2341284f3cb,2023-10-10T00:10:08,52,0518ae7f57d9f4f2fbec281d,말로안해난죽여,202310,승,0,0,0,0,0,0,88,4,51,1,4.53889,keyboard,9,9,0,2,2,0,2,1,0,0,8,2,1,0,0,0,118,110,76,75,4,1,1,1,7,7,28,24,2,2,6,0,6,3
6524155b6200e2341284f3cb,2023-10-10T00:10:08,52,1d8450ef71aa816cfd494356,산공유,202310,패,0,0,0,0,0,0,86,2,49,0,3.70556,keyboard,2,2,0,0,0,0,0,0,0,0,1,0,1,0,0,0,103,90,60,60,6,1,1,0,6,5,20,18,10,6,9,2,6,6
65240d078e6e612bba5c4b31,2023-10-09T23:34:22,52,1d8450ef71aa816cfd494356,산공유,202310,무,0,0,0,0,0,0,84,1,51,1,4.06667,keyboard,3,2,0,1,1,0,0,0,0,0,3,1,0,0,0,0,121,109,82,79,5,2,0,0,7,7,24,20,3,1,4,0,7,5
65240d078e6e612bba5c4b31,2023-10-09T23:34:22,52,926a417965d1fd323aa32f7b,성무이,202310,무,0,0,0,0,0,0,91,1,49,0,4.02778,keyboard,3,2,0,1,1,0,0,0,0,0,2,0,1,1,0,0,118,108,80,79,4,0,0,0,7,7,24,21,3,1,1,0,2,2
6520817a741aa6336e4dfba1,2023-10-07T06:54:15,52,5824bb71c14b1297aa195553,입창원,202310,패,2,0,0,0,0,0,0,0,0,0,0.0,etc,0,0,0,0,0,0,0,0,0,0,0,0,0,0,0,0,0,0,0,0,0,0,0,0,0,0,0,0,0,0,0,0,0,0
6520817a741aa6336e4dfba1,2023-10-07T06:54:15,52,1d8450ef71aa816cfd494356,산공유,202310,승,1,0,0,0,0,0,80,1,50,2,5.03333,keyboard,14,9,0,5,3,0,3,0,1,0,8,5,6,0,0,0,109,100,68,67,8,5,0,0,8,8,15,12,10,8,5,0,14,11
65207eeecf4e48b9025f6560,2023-10-07T06:51:18,52,1d8450ef71aa816cfd494356,산공유,202310,무,0,0,0,0,0,0,87,0,52,1,4.13889,keyboard,3,2,0,1,1,0,1,0,0,0,2,1,1,0,0,0,109,98,78,76,6,2,0,0,3,3,15,14,7,3,7,1,4,3
65207eeecf4e48b9025f6560,2023-10-07T06:51:18,52,11ece6fb83a8e08d123a57cb,whRkfk,202310,무,0,0,0,0,0,0,82,3,48,1,5.09444,keyboard,9,7,0,1,1,0,3,0,0,0,6,1,3,0,0,0,114,101,74,72,11,4,0,0,5,5,19,17,5,3,1,0,5,2
65207bcc1a64a570a1e0d9ad,2023-10-07T06:40:26,52,1d8450ef71aa816cfd494356,산공유,202310,무,0,0,0,0,0,0,87,0,47,1,4.29444,keyboard,5,5,0,4,4,0,0,0,0,0,3,3,2,1,0,0,105,95,68,67,6,1,1,1,6,6,19,18,5,2,7,1,3,3
65207bcc1a64a570a1e0d9ad,2023-10-07T06:40:26,52,2cd5ed2bb1ba07be0b31f7a8,너못생겼잖아,202310,무,0,0,0,0,0,0,95,3,53,2,4.22222,keyboard,12,11,0,4,4,0,4,2,0,0,7,3,5,1,0,0,117,109,76,76,7,3,0,0,4,4,22,21,8,5,7,0,2,2
652078d239b474ddb384c8a6,2023-10-07T06:27:03,52,1d8450ef71aa816cfd494356,산공유,202310,무,0,0,0,0,0,0,103,5,60,0,4.36111,keyboard,13,9,0,2,2,0,3,0,0,0,7,1,6,1,0,0,142,129,89,87,11,3,0,0,7,7,30,29,5,3,2,1,3,3
652078d239b474ddb384c8a6,2023-10-07T06:27:03,52,c8f5fb015ca2a6f48f99ef5e,yoon성,202310,무,0,0,2,0,0,0,53,2,40,0,4.05,keyboard,3,2,0,2,2,0,0,0,0,0,1,1,2,1,0,0,76,60,42,41,11,2,1,1,3,2,13,11,6,3,10,2,6,3
652075f22a6bb44b66bcecbc,2023-10-07T06:14:21,52,1d8450ef71aa816cfd494356,산공유,202310,패,0,0,0,0,0,0,124,1,58,1,3.42778,keyboard,5,2,0,1,1,0,0,0,0,0,2,1,3,0,0,0,148,140,102,102,5,1,2,2,7,7,29,26,3,2,6,1,2,2
652075f22a6bb44b66bcecbc,2023-10-07T06:14:21,52,b7b70a6f3a96d81f9f57fc32,주니준치,202310,승,0,0,0,0,0,0,70,0,42,1,4.70556,keyboard,7,6,0,6,6,0,0,0,0,0,7,6,0,0,0,0,89,85,43,43,3,2,0,0,5,5,27,26,11,9,8,1,4,4
652073088a8f7da81f0587ad,2023-10-07T06:02:04,52,dcb3ea03aa115bc70e82f9f9,바바의충견,202310,승,0,0,0,0,0,0,69,1,43,0,4.51111,keyboard,7,7,0,5,5,0,1,1,0,0,6,5,1,0,0,0,94,80,50,48,9,3,3,2,3,3,20,19,8,5,3,0,8,4
652073088a8f7da81f0587ad,2023-10-07T06:02:04,52,1d8450ef71aa816cfd494356,산공유,202310,패,0,0,0,0,0,0,103,0,57,0,3.55556,keyboard,5,2,0,1,1,0,1,0,0,0,1,0,4,1,0,0,134,126,100,97,4,2,0,0,3,3,21,20,6,4,6,1,2,1
65207023cfc6c634c1c57c5b,2023-10-07T05:49:39,52,f8fbbefa9e8c43ab40c544fc,happy현태,202310,승,0,0,0,0,0,0,65,0,42,3,4.26111,keyboard,4,3,0,3,3,0,0,0,0,0,3,2,1,1,0,0,92,82,59,59,5,2,0,0,6,6,12,11,8,4,4,0,4,2
65207023cfc6c634c1c57c5b,2023-10-07T05:49:39,52,1d8450ef71aa816cfd494356,산공유,202310,패,0,0,1,1,0,0,117,1,58,3,3.8,keyboard,6,4,0,1,1,0,1,0,0,0,5,1,1,0,0,0,141,132,85,84,10,5,1,0,12,12,29,29,4,2,2,0,4,2
65206d24b6f087093f31ad9b,2023-10-07T05:37:16,52,62761485b62a86624e9c20a5,리버풀날두,202310,무,0,0,2,0,0,0,62,3,47,1,3.95556,keyboard,7,7,0,3,3,0,1,1,0,0,6,2,0,0,1,1,85,73,43,41,10,4,0,0,5,5,19,17,8,6,11,2,2,1
65206d24b6f087093f31ad9b,2023-10-07T05:37:16,52,1d8450ef71aa816cfd494356,산공유,202310,무,0,0,1,0,0,0,97,1,53,0,4.23333,keyboard,9,8,0,3,3,0,1,0,1,1,5,2,4,1,0,0,128,121,82,81,8,4,0,0,3,3,32,30,3,3,2,0,1,0
65206a5f791d1c6bfdb08b56,2023-10-07T05:24:31,52,abf14f3d2803571b37d30035,신남연,202310,패,0,0,0,0,0,0,79,2,42,1,3.55,keyboard,5,5,0,1,1,0,1,0,0,0,3,1,1,0,1,0,104,92,71,69,5,1,0,0,6,6,15,13,7,3,6,0,4,1
65206a5f791d1c6bfdb08b56,2023-10-07T05:24:31,52,1d8450ef71aa816cfd494356,산공유,202310,승,0,0,1,0,0,0,105,0,58,1,4.42222,keyboard,4,3,0,3,3,0,0,0,0,0,1,1,3,2,0,0,131,120,85,85,2,0,1,0,12,12,24,21,6,2,6,0,5,3
6520679119167c9a54290eea,2023-10-07T05:12:42,52,3f21c7dcae671486eb6e7b10,FEROSE,202310,승,0,0,0,0,0,0,78,3,45,0,4.30556,keyboard,6,6,0,3,3,0,0,0,0,0,4,2,1,0,1,1,88,81,56,56,4,0,0,0,7,7,14,14,5,4,4,1,8,3
6520679119167c9a54290eea,2023-10-07T05:12:42,52,1d8450ef71aa816cfd494356,산공유,202310,패,0,0,1,0,1,0,113,2,55,0,3.7,keyboard,6,4,0,1,1,0,1,0,0,0,2,0,4,1,0,0,133,126,100,98,6,3,0,0,4,4,22,20,1,1,2,0,7,6
652064898a2f3617f073012d,2023-10-07T05:00:44,52,1d8450ef71aa816cfd494356,산공유,202310,패,0,0,1,0,0,0,77,1,44,1,3.79444,keyboard,4,4,0,2,2,0,1,0,0,0,2,1,1,0,1,1,100,89,69,66,4,0,0,0,2,2,20,18,5,3,5,3,5,1
652064898a2f3617f073012d,2023-10-07T05:00:44,52,a55b8096926d045ef97161f4,brvsfiffa7,202310,승,0,0,1,0,0,0,93,6,56,0,4.21111,keyboard,11,9,0,3,3,0,2,0,0,0,9,3,2,0,0,0,113,105,72,72,10,4,1,1,4,4,20,20,6,4,2,0,3,2
652061cd7571cf424ec285a0,2023-10-07T04:47:49,52,1d8450ef71aa816cfd494356,산공유,202310,승,0,0,0,1,0,0,80,2,48,0,4.55,keyboard,6,5,0,3,3,0,0,0,0,0,3,2,3,1,0,0,99,90,59,57,9,4,2,1,3,3,21,21,5,4,5,0,5,4
652061cd7571cf424ec285a0,2023-10-07T04:47:49,52,b5c97be6d01f40ce33527c70,펩플레이,202310,패,0,0,0,0,0,0,88,1,52,5,3.55556,keyboard,2,2,0,0,0,0,0,0,0,0,2,0,0,0,0,0,103,93,63,60,5,2,0,0,8,8,14,13,12,10,6,0,7,6
65205f3fae25f2778174300d,2023-10-07T04:36:09,52,1d8450ef71aa816cfd494356,산공유,202310,승,0,0,0,0,0,0,83,0,52,0,4.71667,keyboard,7,5,0,3,3,0,1,1,0,0,4,3,3,0,0,0,106,96,55,53,7,4,0,0,10,10,23,22,9,7,5,0,4,3
65205f3fae25f2778174300d,2023-10-07T04:36:09,52,ed3837134486bc5b91209560,young1b,202310,패,0,0,0,0,0,0,87,4,48,1,3.57778,keyboard,6,5,0,0,0,0,1,0,0,0,3,0,3,0,0,0,109,97,69,68,11,3,1,0,6,6,16,16,6,4,5,0,4,3
65205c015aeaa05fc6ed2a55,2023-10-07T04:12:51,52,70415623ca42936aff726520,기리홍,202310,패,2,0,0,0,0,0,0,0,0,0,0.0,etc,0,0,0,0,0,0,0,0,0,0,0,0,0,0,0,0,0,0,0,0,0,0,0,0,0,0,0,0,0,0,0,0,0,0
65205c015aeaa05fc6ed2a55,2023-10-07T04:12:51,52,1d8450ef71aa816cfd494356,산공유,202310,승,1,0,0,0,0,0,95,9,59,6,5.01667,keyboard,19,16,0,6,3,0,2,0,0,0,10,4,9,2,0,0,139,126,95,93,12,3,3,2,2,2,24,24,3,2,6,0,15,12
65205933c562e3d97c38bf53,2023-10-07T04:11:25,52,1d8450ef71aa816cfd494356,산공유,202310,무,0,0,2,0,0,1,83,2,49,1,4.11111,keyboard,7,6,0,2,2,0,1,1,1,0,7,2,0,0,0,0,117,103,71,69,10,5,0,0,5,5,20,18,10,6,2,0,4,3
65205933c562e3d97c38bf53,2023-10-07T04:11:25,52,53c8b5f9e5faa0651e3ceeb5,상어가보고싶어,202310,무,0,0,2,0,0,0,73,0,51,0,4.03889,keyboard,5,3,0,2,2,0,1,0,1,0,4,2,1,0,0,0,94,83,56,55,10,5,0,0,5,5,15,14,8,4,3,0,5,3
652056391f162da9d07ec2c1,2023-10-07T03:59:27,52,1d8450ef71aa816cfd494356,산공유,202310,무,0,0,0,0,0,0,83,3,49,0,4.30556,keyboard,8,8,0,3,3,0,0,0,0,0,5,2,3,1,0,0,109,99,58,55,3,1,1,0,10,10,31,29,5,4,4,1,4,2
652056391f162da9d07ec2c1,2023-10-07T03:59:27,52,e906d1283c2619aa173b34e1,두치토옹,202310,무,0,0,0,0,0,0,81,4,51,1,4.16667,keyboard,10,10,0,3,3,0,2,0,0,0,8,3,2,0,0,0,101,91,54,53,9,5,0,0,7,7,21,19,10,7,14,1,4,2
6520537fc55092dcda9f37e0,2023-10-07T03:46:44,52,821214d014e2faf8741751e4,한국형싸이코,202310,무,0,0,0,0,0,0,91,1,49,0,4.11667,keyboard,4,2,0,1,1,0,0,0,0,0,1,1,3,0,0,0,112,99,77,75,5,1,0,0,5,5,16,14,9,4,8,0,3,3
6520537fc55092dcda9f37e0,2023-10-07T03:46:44,52,1d8450ef71aa816cfd494356,산공유,202310,무,0,0,0,0,0,0,96,3,51,0,3.98889,keyboard,3,2,0,1,1,0,0,0,0,0,1,0,2,1,0,0,121,111,88,86,9,1,0,0,5,5,17,17,2,2,5,2,2,0
652050b1b3de6a2c2a3e9814,2023-10-07T03:35:06,52,91fc86e3672af5a8df860604,해군정재영,202310,무,0,0,1,0,0,0,81,1,46,1,4.05556,keyboard,3,3,0,2,2,0,1,0,0,0,1,0,2,2,0,0,106,94,66,63,3,2,0,0,4,4,25,23,8,2,8,0,7,6
652050b1b3de6a2c2a3e9814,2023-10-07T03:35:06,52,1d8450ef71aa816cfd494356,산공유,202310,무,0,0,1,0,0,0,104,2,54,0,4.06111,keyboard,3,3,0,2,2,0,0,0,0,0,2,1,1,1,0,0,129,118,80,79,7,2,0,0,11,11,24,23,7,3,3,0,4,2
65204ddce12ed85102daffd2,2023-10-07T03:23:07,52,7fc6bbc98239e37bc53319de,이진원천재,202310,승,0,0,0,0,0,0,82,0,46,0,4.41667,keyboard,5,5,0,4,4,0,0,0,0,0,4,3,1,1,0,0,102,92,60,60,5,3,2,0,3,3,22,20,9,6,6,2,4,2
65204ddce12ed85102daffd2,2023-10-07T03:23:07,52,1d8450ef71aa816cfd494356,산공유,202310,패,0,0,0,0,0,0,98,2,54,0,3.95,keyboard,6,5,0,2,2,0,1,0,0,0,4,2,2,0,0,0,123,113,82,81,8,2,0,0,8,8,18,17,7,5,3,0,7,6
65204af36f6fdfd1d1c5312f,2023-10-07T03:11:03,52,6be2e4ec14810e63fed28fba,불개미군단,202310,무,0,0,0,0,0,0,91,4,53,0,4.11111,keyboard,10,8,0,3,3,0,2,0,0,0,8,2,2,1,0,0,107,98,68,67,8,4,0,0,4,4,18,16,9,7,6,0,12,10
65204af36f6fdfd1d1c5312f,2023-10-07T03:11:03,52,1d8450ef71aa816cfd494356,산공유,202310,무,0,0,0,0,0,0,78,1,47,0,4.09444,keyboard,5,4,0,3,3,0,0,0,0,0,4,3,1,0,0,0,92,82,48,46,4,3,0,0,4,4,30,25,5,4,4,1,3,2
